chinadaily.com.cn,
indianexpress.com,
newsnow.co.uk,
hindustantimes.com,
thestar.com,
ctvnews.ca,
financialexpress.com,
thetimes.co.uk,
blastingnews.com,
topix.com,
fark.com,
theage.com.au,
dnaindia.com,
bdnews24.com,
deccanchronicle.com,
startribune.com,
newspapers.com,
theepochtimes.com,
lexisnexis.com,
nationalpost.com,
orlandosentinel.com,
stltoday.com,
tampabay.com,
heraldsun.com.au,
newindianexpress.com,
rappler.com,
afr.com,
deseretnews.com,
syracuse.com,
seattlepi.com,
reviewjournal.com,
theaustralian.com.au,
sltrib.com,
macleans.ca,
beforeitsnews.com,
newsobserver.com,
tribuneindia.com,
dailytelegraph.com.au,
thebetterindia.com,
staradvertiser.com,
newsok.com,
mid-day.com,
vancouversun.com,
mysanantonio.com,
commondreams.org,
wn.com,
omaha.com,
twincities.com,
star-telegram.com,
theadvocate.com,
richmond.com,
thedrum.com,
thehindubusinessline.com,
jsonline.com,
freepressjournal.in,
smartbrief.com,
triblive.com,
adelaidenow.com.au,
couriermail.com.au,
thewest.com.au,
thestate.com,
deccanherald.com,
afp.com,
courant.com,
siasat.com,
palmbeachpost.com,
townnews365.com,
stripes.com,
buffalonews.com,
wfp.org,
timesunion.com,
news12.com,
kdvr.com,
kxan.com,
nbcwashington.com,
fox2now.com,
kron4.com,
nbcdfw.com,
phoenixnewtimes.com,
wickedlocal.com,
pe.com,
wxyz.com,
whdh.com,
wfla.com,
fox5sandiego.com,
nbcmiami.com,
wsvn.com,
riverfronttimes.com,
abcactionnews.com,
wivb.com,
minnpost.com,
news10.com,
metrotimes.com,
texasobserver.org,
billypenn.com,
timesofsandiego.com,
nysun.com,
laobserved.com,
citylimits.org,
montrealgazette.com,
kplr11.com,
atlantaintownpaper.com,
heartlandnewsfeed.com,
laindependent.com,
kottke.org,
dooce.com,
icanhascheezburger.com,
beppegrillo.it,
treehugger.com,
microsiervos.com,
typepad.com,
studentsforafreetibet.org,
gigazine.net,
blogs.com,
holymoly.co.uk,
michellemalkin.com,
crankyflier.com,
gapingvoid.com,
crookedtimber.org,
theoffside.com,
petiteanglaise.com,
crooksandliars.com,
chocolateandzucchini.com,
cnz.to,
samizdata.net,
thefword.org.uk,
privatesecretdiary.com,
popjustice.com,
waiterrant.net,
hecklerspray.com,
wowinsider.com,
afterellen.com,
copyblogger.com,
readwrite.com,
miamitodaynews.com,

