chinadaily,
indianexpress,
newsnow,
hindustantimes,
thestar,
ctvnews,
financialexpress,
thetimes,
blastingnews,
topix,
fark,
theage,
dnaindia,
bdnews24,
deccanchronicle,
startribune,
newspapers,
theepochtimes,
lexisnexis,
nationalpost,
orlandosentinel,
stltoday,
tampabay,
heraldsun,
newindianexpress,
rappler,
afr,
deseretnews,
syracuse,
seattlepi,
reviewjournal,
theaustralian,
sltrib,
macleans,
beforeitsnews,
newsobserver,
tribuneindia,
dailytelegraph,
thebetterindia,
staradvertiser,
newsok,
mid-day,
vancouversun,
mysanantonio,
commondreams,
wn,
omaha,
twincities,
star-telegram,
theadvocate,
richmond,
thedrum,
thehindubusinessline,
jsonline,
freepressjournal,
smartbrief,
triblive,
adelaidenow,
couriermail,
thewest,
thestate,
deccanherald,
afp,
courant,
siasat,
palmbeachpost,
townnews365,
stripes,
buffalonews,
wfp,
timesunion,
news12,
kdvr,
kxan,
nbcwashington,
fox2now,
kron4,
nbcdfw,
phoenixnewtimes,
wickedlocal,
pe,
wxyz,
whdh,
wfla,
fox5sandiego,
nbcmiami,
wsvn,
riverfronttimes,
abcactionnews,
wivb,
minnpost,
news10,
metrotimes,
texasobserver,
billypenn,
timesofsandiego,
nysun,
laobserved,
citylimits,
montrealgazette,
kplr11,
atlantaintownpaper,
heartlandnewsfeed,
laindependent,
kottke,
dooce,
icanhascheezburger,
beppegrillo,
treehugger,
microsiervos,
typepad,
studentsforafreetibet,
gigazine,
blogs,
holymoly,
michellemalkin,
crankyflier,
gapingvoid,
crookedtimber,
theoffside,
petiteanglaise,
crooksandliars,
chocolateandzucchini,
cnz,
samizdata,
thefword,
privatesecretdiary,
popjustice,
waiterrant,
hecklerspray,
wowinsider,
afterellen,
copyblogger,
readwrite,
miamitodaynews,
cnn,
nytimes,
washingtonpost,
usatoday,
businessinsider,
cnbc,
theguardian,
foxnews,
cbsnews,
time,
huffingtonpost,
nbcnews,
bbc,
abcnews,
latimes,
reuters,
dailymail,
bloomberg,
vox,
newsweek,
nypost,
theverge,
theatlantic,
wsj,
buzzfeed,
espn,
politico,
marketwatch,
nydailynews,
fortune,
people,
vice,
variety,
chicagotribune,
bleacherreport,
slate,
techcrunch,
newyorker,
wired,
hollywoodreporter,
qz,
vanityfair,
mashable,
pbs,
nationalgeographic,
economist,
eonline,
eater,
curbed,
bonappetit,
grubstreet,
foodnetwork,
epicurious,
vulture,
refinery29,
gq,
travelandleisure,
thecut,
axios,
arstechnica,
smithsonianmag,
fastcompany,
sbnation,
nationalreview,
complex,
pagesix,
vogue,
billboard,
elle,
polygon,
elitedaily,
si,
nbcsports,
breitbart,
teenvogue,
seventeen,
instyle,
mtv,
womenshealthmag,
mic,
goodhousekeeping,
realsimple,
golfdigest,
menshealth,
engadget,
entrepreneur,
recode,
countryliving,
runnersworld,
cntraveller,
motortrendondemand,
popsci,
bravotv,
popularmechanics,
nextdraft,
afar,
remodelista,
surfer,
yogajournal,
autoweek,
forbes,
npr,
independent,
thehill,
telegraph,
usnews,
go,
weather,
bbc,
imdb,
thedailybeast,
investopedia,
webmd,
gizmodo,
medium,
express,
intuit,
urbandictionary,
thebalance,
thesun,
lifehacker,
nih,
cbssports,
outbrain,
snopes,
wikia,
healthline,
usps,
rollingstone,
rottentomatoes,
chron,
livestrong,
tmz,
cbslocal,
homedepot,
pinterest,
airbnb,
cbc,
nymag,
bustle,
mirror,
eventbrite,
deadline,
ups,
ew,
gamespot,
giphy,
fool,
metro,
wikipedia,
news,
history,
yahoo,
britannica,
msn,
aljazeera,
aol,
livescience,
ft,
today,
abc,
nerdwallet,
mercurynews,
msnbc,
seekingalpha,
globalnews,
nasdaq,
bankrate,
politifact,
biography,
bostonglobe,
thestreet,
opentable,
thrillist,
zagat,
theinfatuation,
timeout,
seriouseats,
foodandwine,
singleplatform,
bizjournals,
chowhound,
theculturetrip,
thekitchn,
ticketfly,
seamless,
nordstrom,
deadspin,
thepointsguy,
foursquare,
groupon,
laweekly,
jcrew,
postmates,
avclub,
united,
fivethirtyeight,
hbogo,
ncaa,
menupages,
delish,
aa,
redfin,
cntraveler,
geniuskitchen,
pitchfork,
narvar,
tripsavvy,
delta,
patch,
kayak,
theringer,
mlb,
rei,
trycaviar,
urbanoutfitters,
10best,
venmo,
theknot,
allrecipes,
apartments,
squarespace,
retailmenot,
sfchronicle,
spoonuniversity,
theroot,
washingtonian,
alaskaair,
gap,
seattletimes,
thedailymeal,
oregonlive,
ubereats,
denverpost,
beeradvocate,
thestranger,
ajc,
lamag,
zomato,
westword,
culturemap,
nola,
bostonmagazine,
gothamist,
tastingtable,
eat24,
travelchannel,
untappd,
salon,
thinkprogress,
motherjones,
indiewire,
apnews,
jezebel,
theweek,
theonion,
washingtonexaminer,
esquire,
mentalfloss,
scientificamerican,
psychologytoday,
newrepublic,
knowyourmeme,
thewrap,
sfgate,
uproxx,
theconversation,
howstuffworks,
washingtontimes,
realclearpolitics,
hbr,
brookings,
weforum,
worldbank,
statista,
foreignpolicy,
scmp,
jstor,
harvard,
inc,
stanford,
mckinsey,
oecd,
technologyreview,
tandfonline,
sagepub,
tradingeconomics,
europa,
imf,
theglobeandmail,
economicshelp,
lse,
yale,
cfr,
un,
upenn,
thediplomat,
merriam-webster,
pewresearch,
businessdictionary,
coindesk,
columbia,
hbs,
ssrn,
berkeley,
nber,
purdue,
straitstimes,
cornell,
foreignaffairs,
oup,
irishtimes,
politico,
uchicago,
cia,
citylab,
haaretz,
thenation,
heritage,
stlouisfed,
worldatlas,
bigthink,
encyclopedia,
japantimes,
usmagazine,
cinemablend,
popsugar,
screenrant,
collider,
digitalspy,
etonline,
nme,
harpersbazaar,
cosmopolitan,
comicbook,
denofgeek,
townandcountrymag,
thisisinsider,
hollywoodlife,
slashfilm,
nerdist,
tvline,
wmagazine,
inverse,
hellogiggles,
justjared,
miamiherald,
glamour,
gofundme,
tvguide,
metacritic,
radiotimes,
rogerebert,
dailystar,
genius,
ranker,
streamable,
goodreads,
pinterest,
standard,
twimg,
ign,
dictionary,
heavy,
smh,
gettyimages,
pinterest,
wikiquote,
nj,
nfl,
sportingnews,
caranddriver,
newsday,
nbcnewyork,
foxsports,
nyc,
abc7ny,
edmunds,
motortrend,
pix11,
247sports,
nhl,
nba,
rotoworld,
nesn,
basketball-reference,
baseball-reference,
landof10,
pro-football-reference,
boston,
philly,
sportsnet,
barstoolsports,
theathletic,
foxsportsgo,
masters,
buffstreamz,
nbc,
xfinity,
spotrac,
golfchannel,
seccountry,
thebiglead,
seatgeek,
sports-reference,
theplayerstribune,
fansided,
cleveland,
zddxlih,
verizon,
walterfootball,
dallasnews,
bostonherald,
ripple,
suntimes,
theundefeated,
milb,
fangraphs,
realgm,
sasastreams,
thescore,
tntdrama,
fantasypros,
sportshd,
bleedinggreennation,
fidelity,
tsn,
nbcolympics,
bilasport,
fandango,
trulia,
hockey-reference,
skysports,
espn,
kansascity,
clutchpoints,
masslive,
baltimoresun,
hoopshype,
upi,
oddsshark,
patriots,
ninersnation,
scout,
slamonline,
awfulannouncing,
freep,
phillyvoice,
fanragsports,
nbcphiladelphia,
pennlive,
highsnobiety,
hotnewhiphop,
xxlmag,
hypebeast,
thefader,
pastemagazine,
hiphopdx,
consequenceofsound,
pigeonsandplanes,
grailed,
sneakernews,
stockx,
whosampled,
kotaku,
spin,
solecollector,
kanyewest,
dailydot,
bet,
theodysseyonline,
thoughtcatalog,
bodybuilding,
stereogum,
endclothing,
thetoptens,
songkick,
djbooth,
tvtropes,
capitalxtra,
rap-up,
rateyourmusic,
goal,
totalsportek,
al,
sportskeeda,
foxsports,
eurosport,
allure,
stylecaster,
justjaredjr,
sephora,
marieclaire,
fashionista,
racked,
hercampus,
famousbirthdays,
self,
byrdie,
ulta,
vogue,
splinternews,
xojane,
essence,
huffingtonpost,
whowhatwear,
cheatsheet,
dailycaller,
lowes,
fedex,
realtor,
drudgereport,
dailywire,
mediaite,
abc7,
abc13,
rstyle,
sheknows,
anthropologie,
health,
brit,
forever21,
madewell,
decider,
yourtango,
apartmenttherapy,
bestproducts,
romper,
macys,
ae,
totalbeauty,
rivals,
pgatour,
vividseats,
golf,
herosports,
teamrankings,
theidleman,
realmenrealstyle,
fashionbeans,
askmen,
artofmanliness,
mensjournal,
gq-magazine,
mensfitness,
gentlemansgazette,
mrporter,
uniqlo,
gearpatrol,
styleforum,
maxim,
hiconsumption,
digitaltrends,
techradar,
cnet,
tomsguide,
lifewire,
pcmag,
wikihow,
imore,
makeuseof,
macrumors,
androidcentral,
bgr,
trustedreviews,
zdnet,
consumerreports,
thewirecutter,
9to5mac,
abc7chicago,
wgntv,
legacy,
nbcchicago,
dailyherald,
illinois,
chicagobusiness,
cityofchicago,
bandcamp,
kickstarter,
discogs,
cracked,
bluelight,
myrecipes,
marthastewart,
tasteofhome,
food52,
simplyrecipes,
bettycrocker,
thespruce,
bbcgoodfood,
yummly,
finecooking,
saveur,
eatingwell,
cookinglight,
kingarthurflour,
williams-sonoma,
taste,
jamieoliver,
thepioneerwoman,
budgetbytes,
damndelicious,
minimalistbaker,
thespruceeats,
southernliving,
recipetineats,
bhg,
cookieandkate,
cookingchanneltv,
leaf,
kraftrecipes,
pillsbury,
inspiredtaste,
cooksillustrated,
justapinch,
pinchofyum,
greatist,
smittenkitchen,
therecipecritic,
onceuponachef,
tablespoon,
skinnytaste,
wholefoodsmarket,
myfitnesspal,
sparkpeople,
toriavey,
cooks,
cafedelites,
cookingclassy,
gimmesomeoven,
mccormick,
addapinch,
wayfair,
onegreenplanet,
instacart,
bedbathandbeyond,
allrecipes,
justonecookbook,
foodnetwork,
natashaskitchen,
foodrepublic,
sallysbakingaddiction,
tastemade,
thewoksoflife,
chefsteps,
browneyedbaker,
nextdoor,
zappos,
whatscookingamerica,
muscleandfitness,
t-nation,
prevention,
menshealth,
shape,
muscleandstrength,
muscleforlife,
stack,
everydayhealth,
fitnessmagazine,
eatthis,
medicalnewstoday,
draxe,
verywellfit,
mayoclinic,
nerdfitness,
stronglifts,
rd,
coachmag,
dailyburn,
breakingmuscle,
www,
legionathletics,
active,
medicaldaily,
stylecraze,
mindbodygreen,
myprotein,
steadyhealth,
medicinenet,
mercola,
lovepanky,
clevelandclinic,
patient,
barbend,
priceoftravel,
thehotelguru,
mrandmrssmith,
santorinidave,
roughguides,
europeanbestdestinations,
audleytravel,
elitetraveler,
selectiveasia,
walksofitaly,
fodors,
metoffice,
londonist,
101holidays,
cc,
abc,
cbr,
syfy,
hbo,
tunefind,
empireonline,
infowars,
thegatewaypundit,
townhall,
theblaze,
zerohedge,
pjmedia,
freebeacon,
wnd,
thefederalist,
newsmax,
newsbusters,
cnsnews,
twitchy,
redstate,
hotair,
sacbee,
americanthinker,
reason,
jpost,
foxbusiness,
weeklystandard,
ijr,
theamericanmirror,
westernjournal,
timesofisrael,
theintercept,
rawstory,
louderwithcrowder,
whitehouse,
theconservativetreehouse,
truepundit,
ap,
conservativetribune,
ktla,
talkingpointsmemo,
dailykos,
dailysignal,
gab,
lifesitenews,
c-span,
factcheck,
statesman,
4dsply,
cabelas,
fox5ny,
weather,
wunderground,
senate,
frontpagemag,
rollcall,
redbookmag,
womansday,
verywell,
beachbodyondemand,
realself,
dietdoctor,
medhelp,
netdoctor,
paleohacks,
plannedparenthood,
emedicinehealth,
dw,
wordpress,
rt,
wikimedia,
wiktionary,
blogspot,
indiatimes,
archive,
accuweather,
reverso,
files.wordpress,
sciencedirect,
ndtv,
livejournal,
researchgate,
timeanddate,
lenta,
scribd,
ria,
mk,
thoughtco,
sputniknews,
sky,
voanews,
euronews,
roadkill,
mightycarmods,
hotrod,
summitracing,
jegs,
velocity,
autotempest,
bangshift,
bringatrailer,
ls1tech,
loc,
easybib,
nps,
scholastic,
shmoop,
sparknotes,
ed,
study,
si,
enotes,
cdc,
khanacademy,
archives,
barnesandnoble,
pbslearningmedia,
citationmachine,
kahoot,
teacherspayteachers,
ushistory,
ducksters,
ssa,
kqed,
lonelyplanet,
smartertravel,
oyster,
vacationidea,
frommers,
boardingarea,
ricksteves,
expedia,
seatguru,
tripstodiscover,
skyscanner,
flyertalk,
travelfashiongirl,
jetblue,
disney,
viator,
airfarewatchdog,
ebags,
nomadicmatt,
marriott,
travelocity,
atlasobscura,
thecrazytourist,
priceline,
tsa,
orbitz,
cruisecritic,
planetware,
hilton,
wikitravel,
touropia,
synxis,
travelzoo,
vrbo,
nordstromrack,
marieclaire,
glamourmagazine,
ettoday,
udn,
ltn,
appledaily,
wwd,
astrology,
vogue,
xuite,
kknews,
ptt,
astrostyle,
dcard,
read01,
shopee,
blogspot,
books,
horoscope,
intothegloss,
pchome,
chinatimes,
marieclaire,
mobile01,
tvbs,
astrology-zodiac-signs,
cafeastrology,
momoshop,
nownews,
setn,
businessweekly,
cw,
revolve,
ruten,
104,
yam,
beautyeditor,
pcgamer,
pcworld,
androidauthority,
newegg,
androidpolice,
venturebeat,
eurogamer,
pocket-lint,
battle,
howtogeek,
windowscentral,
thenextweb,
techadvisor,
bhphotovideo,
macworld,
macworld,
wowhead,
gamepedia,
laptopmag,
tomshardware,
att,
ifixit,
slickdeals,
anandtech,
verizonwireless,
mmo-champion,
playstation,
9to5google,
jalopnik,
phonearena,
pcgamesn,
xda-developers,
appleinsider,
slashgear,
xbox,
cultofmac,
gamesradar,
osxdaily,
extremetech,
kinja,
computerworld,
gsmarena,
notebookcheck,
gadgethacks,
newatlas,
theregister,
idownloadblog,
wired,
impress,
perezhilton,
zimbio,
radaronline,
intouchweekly,
inquisitr,
lifeandstylemag,
cbs,
toofab,
ibtimes,
hellomagazine,
spiceworks,
experts-exchange,
linustechtips,
techrepublic,
askubuntu,
ycombinator,
cisco,
instructables,
pcpartpicker,
techtarget,
rockpapershotgun,
ubuntuforums,
bleepingcomputer,
intel,
techwalla,
computerhope,
overclock,
tenforums,
geforce,
dslreports,
metafilter,
techspot,
itprotoday,
neowin,
netgear,
wccftech,
slashdot,
techpowerup,
neogaf,
avsforum,
ubnt,
hgtv,
brides,
housebeautiful,
purewow,
uncommongoods,
diynetwork,
babble,
nasa,
space,
azlyrics,
axs,
allmusic,
metrolyrics,
last,
iheart,
setlist,
ultimate-guitar,
officialcharts,
songfacts,
livenation,
musixmatch,
songmeanings,
vevo,
vh1,
ultimateclassicrock,
tasty,
liquor,
everlane,
splendidtable,
westelm,
crateandbarrel,
wellnessmama,
mindbodyonline,
americastestkitchen,
zergnet,
poetryfoundation,
nybooks,
penguinrandomhouse,
morningstar,
zacks,
barrons,
investors,
investorplace,
stocktwits,
sec,
vanguard,
schwab,
prnewswire,
kiplinger,
ycharts,
crunchbase,
tradingview,
investing,
advfn,
dowjones,
businesswire,
americanexpress,
benzinga,
capitalone,
gurufocus,
globenewswire,
hrblock,
barchart,
smartasset,
macrotrends,
finviz,
etfdb,
simplywall,
thenest,
wallst,
bogleheads,
corporate-ir,
amny,
guestofaguest,
resy,
streeteasy,
villagevoice,
mta,
dnainfo,
yalegriffinprc,
theoutline,
mcsweeneys,
gurl,
j-14,
observer,
manrepeller,
sciencemag,
sciencedaily,
newscientist,
phys,
sciencealert,
iflscience,
discovermagazine,
nature,
ted,
mnn,
listverse,
nationalgeographic,
boredpanda,
playbuzz,
me,
nickiswift,
theblast,
thehollywoodgossip,
bossip,
gossipcop,
independent,
familyhandyman,
doityourself,
thisoldhouse,
yourmechanic,
roadandtrack,
autotrader,
thedrive,
nationalinterest,
autozone,
hunker,
cargurus,
cars,
kbb,
harborfreight,
military,
houzz,
autoblog,
homeadvisor,
advanceautoparts,
makezine,
overstock,
reviewed,
elledecor,
competitor,
runnersconnect,
runnerclick,
runningshoesguru,
runrepeat,
letsrun,
mapmyrun,
coolrunning,
roadrunnersports,
runningwarehouse,
outsideonline,
strava,
strengthrunning,
baa,
runsignup,
sportsinjuryclinic,
asics,
runnersworld,
brooksrunning,
halhigdon,
runningintheusa,
trainingpeaks,
runtastic,
garmin,
jackrabbit,
halfmarathons,
athlinks,
newbalance,
saucony,
nyrr,
runrocknroll,
aaos,
fitbit,
triathlete,
underarmour,
bicycling,
patagonia,
adweek,
cointelegraph,
adage,
bitcoin,
geekwire,
ccn,
steemit,
homedit,
architecturaldigest,
gardeningknowhow,
simplemost,
hometalk,
onlyinyourstate,
pairedlife,
lifehack,
girlsaskguys,
goodmenproject,
bolde,
tinybuddha,
thestudentroom,
psychcentral,
brainyquote,
vixendaily,
7cups,
thetalko,
vg247,
usgamer,
twinfinite,
nintendo,
gamerevolution,
giantbomb,
fextralife,
gamerant,
gamestop,
primagames,
nintendolife,
destructoid,
metabomb,
dotesports,
humblebundle,
gosunoob,
gameskinny,
shacknews,
gameranx,
segmentnext,
ubi,
gamepressure,
gyazo,
blizzard,
gameinformer,
ubisoft,
crunchyroll,
playbattlegrounds,
patreon,
kotaku,
nexusmods,
seaofthieves,
player,
nocookie,
unrealengine,
dexerto,
escapistmagazine,
myanimelist,
bungie,
gamefaqs,
kym-cdn,
strawpoll,
playstationlifestyle,
gamersheroes,
rankedboost,
sonyentertainmentnetwork,
ea,
resetera,
trueachievements,
pushsquare,
zeldadungeon,
bleedingcool,
redbull,
n4g,
geek,
rpgsite,
futurism,
wtop,
golfweek,
golfwrx,
pga,
golf-monthly,
golfalot,
mygolfspy,
thesandtrap,
golfgalaxy,
titleist,
augusta,
callawaygolf,
golfadvisor,
rockbottomgolf,
taylormadegolf,
thehackersparadise,
thegolfnewsnet,
2ndswing,
golfmagic,
globalgolf,
golfnow,
usga,
golf-info-guide,
tgw,
todaysgolfer,
pgatoursuperstore,
pgatourlive,
pluggedingolf,
owgr,
golftec,
golfdiscount,
bluegolf,
callawaygolfpreowned,
golftipsmag,
vegasinsider,
lpga,
twogolfguys,
cobragolf,
ping,
top100golfcourses,
apptopia,
birdload,
carlsgolfland,
trackmangolf,
3balls,
europeantour,
ghin,
worldwidegolfshops,
golfworks,
bovada,
swingbyswing,
teeitup,
gardenista,
organized-home,
dwell,
stylebyemilyhenderson,
rejuvenation,
ylighting,
dwr,
restorationhardware,
digiday,
marketingland,
greenhouse,
angel,
cbinsights,
hackernoon,
squareup,
emarketer,
producthunt,
splashthat,
lever,
pymnts,
fastcodesign,
realitytea,
slice,
okmagazine,
mylifetime,
betches,
boxofficemojo,
commonsensemedia,
broadwayworld,
stabmag,
surfline,
worldsurfleague,
theinertia,
surfertoday,
magicseaweed,
surfing-waves,
firewiresurfboards,
swellnet,
swaylocks,
beachgrit,
surfscience,
cleanlinesurf,
tracksmag,
coastalwatch,
adventuresportsnetwork,
wannasurf,
realwatersports,
surfeuropemag,
boardcave,
lostsurfboards,
surf-forecast,
cisurfboards,
swellinfo,
surfsimply,
comparesurfboards,
blinksurf,
surfersvillage,
thesurfingsite,
wslfounderscup,
surfstationstore,
degree33surfboards,
eos,
ripcurl,
kswaveco,
whatyouth,
mollusksurfshop,
finbin,
surftech,
vissla,
therealdeal,
hotpads,
dezeen,
archdaily,
ca,
brickunderground,
city-data,
amtrak,
niche,
abc7news,
dailynews,
nbclosangeles,
inhabitat,
lacity,
nbcbayarea,
ocregister,
bisnow,
rentcafe,
apartmentlist,
zumper,
apartmentguide,
seattle,
doyouyoga,
yogainternational,
yogaoutlet,
ekhartyoga,
yogabasics,
artofliving,
chopra,
yogapedia,
doyogawithme,
yogiapproved,
gaia,
elephantjournal,
gaiam,
yogaalliance,
yogauonline,
bookyogaretreats,
banyanbotanicals,
kripalu,
sadhguru,
yogicwayoflife,
wanderlust,
chakras,
yogabycandace,
tummee,
espnfc,
maxpreps,
espn,
automobilemag,
motorauthority,
motor1,
topspeed,
thecarconnection,
autoguide,
autonews,
thetruthaboutcars,
topgear,
jdpower,
carbuzz,
autocar,
greencarreports,
driving,
chevrolet,
motorsport,
carscoops,
carmax,
autosport,
autoevolution,
carmagazine,
autobytel,
evo,
carthrottle,
hemmings,
audiusa,
mbusa,
truecar,
gmauthority,
autoexpress,
nadaguides,
caradvice,
nascar,
bmwblog,
vw,
bmwusa,
torquenews,
zeroto60times,
fueleconomy,
trucktrend,
electrek,
formula1,
insideevs,
mazdausa,
honda,
carsdirect,
toyota,
jeep,
dupontregistry,
lexus,
racer,
subaru,
porsche,
hagerty,
motoring,
bimmerpost,
carwow,
dodge,
hyundaiusa,
superstreetonline,
vehiclehistory,
carsforsale,
nhtsa,
ramtrucks,
gmc,
autotrader,
nissanusa,
tirerack,
hubspot,
bplans,
shopify,
smallbiztrends,
businessnewsdaily,
wordstream,
kissmetrics,
bizfluent,
neilpatel,
themuse,
moz,
upwork,
fitsmallbusiness,
socialmediaexaminer,
udemy,
bufferapp,
hootsuite,
godaddy,
mindtools,
yourstory,
canva,
monster,
azcentral,
searchengineland,
sproutsocial,
fiverr,
wpbeginner,
dummies,
mailchimp,
shoutmeloud,
searchenginejournal,
bigcommerce,
capterra,
business2community,
smartinsights,
business,
wix,
infusionsoft,
emeraldinsight,
ukessays,
wordpress,
themeforest,
list-manage,
zoom,
success,
oberlo,
thepennyhoarder,
cio,
shrm,
adespresso,
sba,
mtv,
ijjnews,
86gg,
zouba,
zqnow,
56568,
yihaocar,
cguwan,
zwskw,
afzhan,
haofang,
mtv,
webdesignbeast,
flagpolewarehouse,
jiazhuang,
shangdashi,
xxhh,
alpssocial,
shoppingblog2k,
zoneju,
brandingforum,
hiphopsire,
legendsdigitaltv,
prohbtd,
wskonnekt,
edulands,
jasminedirectory,
jiguo,
mountainside,
newsmobile,
free-tv-video-online,
ishtartv,
justmov,
lerablog,
allhyipmonitors,
ezilon,
financedigest,
globalbrandsmagazine,
guardian,
legends2be,
askfortask,
connectioncafe,
gt-worldwide,
livestock,
mediatakeout,
wigetmedia,
zocoin,
zopbuy,
80073,
avoiceformen,
cafemom,
camdudes,
digitalconnectmag,
ihyips,
mediavision848,
tradesparq,
web-submission,
worldsources,
accountonline,
bbandt,
blacksinsanantonio,
churchblessings,
conferenceplus,
dealblaster,
digitaledge,
digitalmuscle,
directrev,
fab,
fushionmag,
gawker,
giracoin,
kat,
movietvtechgeeks,
staffkit,
testbankclick,
thefinanser,
upticknewswire,
zggjsmc,
baghunter,
citrixonline,
financialteamwork,
qm41,
srzb,
supercheapdeals,
trkjmp,
upworthy,
yieldmanager,
theamericanconservative,
house,
mcclatchydc,
ballotpedia,
mediamatters,
spectator,
congress,
spectator,
aei,
lawandcrime,
lawfareblog,
themaven,
cato,
commentarymagazine,
thecollegefix,
campusreform,
rationalwiki,
aclu,
fee,
thenewamerican,
noaa,
sciencing,
usgs,
epa,
worldwildlife,
softschools,
movieweb,
comingsoon,
moviefone,
zapier,
livecareer,
thebalancecareers,
sandiegouniontribune,
businessoffashion,
net-a-porter,
farfetch,
ssense,
dazeddigital,
vogue,
neimanmarcus,
shopbop,
barneys,
vogue,
goop,
shopstyle,
thefashionspot,
topshop,
bloomingdales,
saksfifthavenue,
freepeople,
poshmark,
liveabout,
influenster,
makeup,
rankandstyle,
makeupalley,
therighthairstyles,
birchbox,
lulus,
wwe,
mmafighting,
mmajunkie,
cagesideseats,
wrestlinginc,
bloodyelbow,
sporcle,
mmamania,
sherdog,
givemesport,
sun-sentinel,
googleblog,
blog,
samsung,
zoominfo,
xe,
manta,
companieshouse,
findlaw,
justia,
bbb,
kohls,
spendwithpennies,
thestayathomechef,
moveon,
propublica,
forward,
opensecrets,
govtrack,
csmonitor,
livemint,
